id,first_name,last_name,email,country,ip_address
1,Martha,Jenkins,mjenkins0@un.org,France,97.252.235.143
2,Kathleen,Medina,kmedina1@unc.edu,Czech Republic,149.62.63.167
3,Earl,Murray,emurray2@va.gov,Poland,242.239.132.230
4,Teresa,Fox,tfox3@webnode.com,Russia,136.0.65.186
5,Carolyn,West,cwest4@admin.ch,Nigeria,240.149.227.109
6,Marie,Lawson,mlawson5@youtube.com,China,238.101.184.197
7,Eugene,Stone,estone6@nature.com,Colombia,55.107.194.185
8,Nicholas,Oliver,noliver7@slate.com,China,159.45.204.128
9,Carol,Flores,cflores8@reddit.com,Russia,62.117.22.131
10,Nicole,James,njames9@imageshack.us,United States,147.13.140.165
11,Gary,Murphy,gmurphya@dailymail.co.uk,Portugal,51.53.42.210
12,Jonathan,Stephens,jstephensb@angelfire.com,Sweden,209.33.35.62
13,Anthony,Elliott,aelliottc@psu.edu,Colombia,27.186.118.148
14,Todd,West,twestd@ifeng.com,Indonesia,56.181.227.119
15,Brandon,Fields,bfieldse@google.com.br,China,14.72.89.67
16,Jennifer,Sullivan,jsullivanf@live.com,Egypt,153.57.254.49
17,Diane,Sims,dsimsg@nytimes.com,China,48.226.245.111
18,William,Jackson,wjacksonh@shinystat.com,Macedonia,52.113.45.192
19,Christopher,Little,clittlei@163.com,Indonesia,210.204.226.20
20,Rebecca,Hudson,rhudsonj@goo.ne.jp,Japan,177.144.146.88
21,Carol,Henderson,chendersonk@homestead.com,China,83.177.157.141
22,Walter,Barnes,wbarnesl@hibu.com,Sweden,22.246.183.119
23,Phillip,Rodriguez,prodriguezm@over-blog.com,Paraguay,125.171.249.85
24,Benjamin,Duncan,bduncann@state.gov,Philippines,15.254.166.186
25,Cheryl,Jackson,cjacksono@wp.com,China,127.225.15.214
26,Dennis,Warren,dwarrenp@yahoo.co.jp,Canada,153.31.84.119
27,Lillian,Pierce,lpierceq@storify.com,Portugal,189.223.235.2
28,Heather,Evans,hevansr@mit.edu,China,53.8.251.213
29,Lawrence,Dixon,ldixons@youku.com,Brazil,197.62.211.10
30,Heather,Ruiz,hruizt@free.fr,Japan,218.150.32.122
31,Cheryl,Rose,croseu@edublogs.org,Indonesia,23.8.100.251
32,Joan,Mendoza,jmendozav@ibm.com,China,207.156.169.16
33,Stephen,Mills,smillsw@ebay.com,Nigeria,158.207.253.54
34,Fred,Weaver,fweaverx@irs.gov,China,255.252.2.8
35,Laura,Walker,lwalkery@dyndns.org,Ivory Coast,1.38.233.97
36,Janet,Carr,jcarrz@people.com.cn,Belarus,87.2.137.196
37,Matthew,Thomas,mthomas10@apache.org,China,87.239.205.41
38,Karen,Fuller,kfuller11@biglobe.ne.jp,Philippines,41.68.238.121
39,Virginia,Day,vday12@google.com.br,Slovenia,55.13.68.132
40,Kenneth,Parker,kparker13@devhub.com,Russia,253.55.38.245
41,Chris,Day,cday14@stumbleupon.com,Guadeloupe,240.228.77.72
42,Theresa,Anderson,tanderson15@seattletimes.com,China,97.223.21.68
43,Daniel,Jacobs,djacobs16@mozilla.com,Indonesia,114.96.8.128
44,Henry,Long,hlong17@sohu.com,Greece,45.215.93.102
45,Karen,Fields,kfields18@pinterest.com,Botswana,83.216.152.226
46,Annie,Young,ayoung19@sphinn.com,France,85.39.109.220
47,Jennifer,Sanders,jsanders1a@pinterest.com,China,176.179.109.6
48,Tina,Richards,trichards1b@artisteer.com,Indonesia,240.135.242.231
49,Russell,Ellis,rellis1c@earthlink.net,Morocco,8.44.24.43
50,Dorothy,Patterson,dpatterson1d@google.it,Vietnam,187.113.101.114
51,Brian,Ray,bray1e@wp.com,Japan,25.220.166.185
52,Eric,Bryant,ebryant1f@adobe.com,Philippines,99.40.148.116
53,Roger,Sanchez,rsanchez1g@edublogs.org,Russia,210.3.224.158
54,Lori,Austin,laustin1h@elpais.com,Nigeria,83.195.145.206
55,Barbara,Washington,bwashington1i@digg.com,China,241.239.248.7
56,Thomas,Green,tgreen1j@etsy.com,Philippines,206.171.156.162
57,Evelyn,Jackson,ejackson1k@technorati.com,Sweden,93.53.27.253
58,Catherine,Harvey,charvey1l@un.org,China,75.71.219.250
59,Debra,Wilson,dwilson1m@hp.com,Marshall Islands,104.136.254.17
60,Gregory,Garcia,ggarcia1n@unblog.fr,Portugal,82.150.14.212
61,Irene,Turner,iturner1o@mit.edu,Russia,72.160.29.127
62,Donna,Palmer,dpalmer1p@newsvine.com,China,30.245.87.42
63,Carolyn,Dunn,cdunn1q@nhs.uk,Czech Republic,155.176.201.243
64,Alan,Austin,aaustin1r@dailymail.co.uk,Peru,59.120.155.55
65,Frances,Owens,fowens1s@jimdo.com,Brazil,53.170.214.36
66,Pamela,Moore,pmoore1t@odnoklassniki.ru,Russia,99.236.60.25
67,Albert,West,awest1u@tripadvisor.com,Philippines,230.139.203.73
68,Bonnie,Mitchell,bmitchell1v@netscape.com,Indonesia,54.165.176.179
69,Eric,Williams,ewilliams1w@ebay.co.uk,Canada,116.87.204.114
70,Phillip,Powell,ppowell1x@ihg.com,China,213.4.123.36
71,Diane,Hudson,dhudson1y@usa.gov,Croatia,236.203.207.43
72,Charles,Evans,cevans1z@barnesandnoble.com,Canada,245.247.213.5
73,Andrea,Anderson,aanderson20@gizmodo.com,Brazil,97.118.157.115
74,Ashley,Green,agreen21@booking.com,China,161.180.162.159
75,Jesse,Thompson,jthompson22@mapy.cz,Indonesia,208.163.16.46
76,Lawrence,Warren,lwarren23@foxnews.com,Mali,138.47.106.220
77,Juan,Lewis,jlewis24@csmonitor.com,Brazil,55.30.25.254
78,Steven,Hudson,shudson25@nba.com,China,75.120.128.249
79,Antonio,Day,aday26@omniture.com,China,108.142.133.98
80,Michelle,Walker,mwalker27@opensource.org,United States,103.189.76.180
81,Victor,Lopez,vlopez28@bandcamp.com,Paraguay,72.72.45.71
82,Paula,Fuller,pfuller29@msn.com,Philippines,130.1.53.207
83,Lori,Griffin,lgriffin2a@marketwatch.com,Sweden,217.241.64.240
84,Cynthia,Gardner,cgardner2b@sitemeter.com,Pakistan,163.93.171.48
85,Thomas,Matthews,tmatthews2c@hubpages.com,Colombia,172.24.45.162
86,Adam,Powell,apowell2d@xing.com,Botswana,87.196.53.169
87,Marilyn,Evans,mevans2e@yellowbook.com,Canada,238.112.153.1
88,Samuel,Parker,sparker2f@discuz.net,China,18.212.48.12
89,Kelly,Mendoza,kmendoza2g@umn.edu,Brazil,115.238.121.145
90,Ryan,Flores,rflores2h@bluehost.com,Indonesia,223.174.148.129
91,Angela,George,ageorge2i@columbia.edu,U.S. Virgin Islands,113.154.7.134
92,Lillian,Morris,lmorris2j@cyberchimps.com,Dominican Republic,224.68.103.4
93,Willie,Harrison,wharrison2k@oakley.com,Nigeria,59.75.8.206
94,Sharon,Boyd,sboyd2l@github.io,Honduras,161.22.142.125
95,Barbara,Wallace,bwallace2m@php.net,China,149.232.81.225
96,Donna,Murphy,dmurphy2n@studiopress.com,Ukraine,17.248.165.20
97,Carl,Gilbert,cgilbert2o@adobe.com,Thailand,127.217.160.149
98,Jean,Wells,jwells2p@eepurl.com,Finland,230.235.200.68
99,Jeremy,Reid,jreid2q@gmpg.org,Czech Republic,20.220.95.102
100,Carol,Knight,cknight2r@oakley.com,China,241.88.169.101
101,Anthony,Hicks,ahicks2s@usda.gov,China,80.155.105.159
102,Wayne,Miller,wmiller2t@facebook.com,Indonesia,184.155.50.3
103,Stephen,Johnson,sjohnson2u@nationalgeographic.com,Philippines,213.60.10.78
104,Jane,Castillo,jcastillo2v@wisc.edu,Indonesia,80.107.75.180
105,Jean,Bryant,jbryant2w@pinterest.com,Indonesia,137.72.185.197
106,Sara,Weaver,sweaver2x@howstuffworks.com,China,182.25.132.120
107,Victor,Riley,vriley2y@intel.com,Thailand,4.100.152.191
108,Timothy,Bradley,tbradley2z@virginia.edu,Syria,119.225.112.135
109,Catherine,Hawkins,chawkins30@squidoo.com,Portugal,171.239.27.135
110,Karen,Hawkins,khawkins31@ftc.gov,Portugal,33.56.66.255
111,Bonnie,King,bking32@cpanel.net,Slovenia,102.173.11.212
112,Raymond,Franklin,rfranklin33@prnewswire.com,Indonesia,119.126.111.128
113,Nancy,Wells,nwells34@ycombinator.com,Barbados,79.250.18.179
114,Bruce,Vasquez,bvasquez35@nba.com,Belarus,189.17.5.180
115,Kimberly,Kennedy,kkennedy36@mac.com,Peru,176.194.81.209
116,Donald,Harrison,dharrison37@home.pl,China,128.200.38.242
117,Marilyn,Carr,mcarr38@pinterest.com,Russia,4.218.44.115
118,Brenda,Graham,bgraham39@geocities.jp,Philippines,229.116.222.114
119,Kathy,Carroll,kcarroll3a@blogtalkradio.com,China,203.233.235.172
120,Carol,Hill,chill3b@aol.com,China,113.114.247.143
121,Ronald,Scott,rscott3c@gmpg.org,Indonesia,30.252.222.186
122,Jose,Foster,jfoster3d@wikia.com,France,63.83.227.143
123,Diana,Watson,dwatson3e@naver.com,Nigeria,103.198.63.55
124,Melissa,Carr,mcarr3f@biblegateway.com,North Korea,59.124.93.104
125,Denise,Lee,dlee3g@rambler.ru,China,202.201.183.132
126,Justin,Murphy,jmurphy3h@liveinternet.ru,Indonesia,142.26.16.209
127,Patricia,Schmidt,pschmidt3i@ted.com,Sweden,145.78.209.142
128,Harold,Price,hprice3j@nature.com,Indonesia,68.75.246.180
129,Beverly,Martinez,bmartinez3k@dropbox.com,Russia,60.87.206.228
130,Ryan,Morgan,rmorgan3l@marketwatch.com,Philippines,1.120.255.232
131,Donna,Kelly,dkelly3m@intel.com,Guatemala,164.24.46.142
132,Amy,Rogers,arogers3n@yale.edu,Sweden,94.111.74.116
133,Kevin,Sims,ksims3o@facebook.com,Vietnam,76.215.116.59
134,Louis,Boyd,lboyd3p@sphinn.com,Saudi Arabia,212.36.195.135
135,Betty,West,bwest3q@jigsy.com,China,57.178.4.84
136,Janice,Ortiz,jortiz3r@rediff.com,China,133.93.66.127
137,Andrew,Mason,amason3s@cafepress.com,Serbia,187.239.139.16
138,Ronald,Chavez,rchavez3t@hc360.com,China,227.99.101.33
139,Jessica,Walker,jwalker3u@wordpress.org,Liberia,36.95.253.110
140,Carol,Stewart,cstewart3v@youku.com,Russia,125.101.246.37
141,Matthew,Morris,mmorris3w@xing.com,Peru,23.213.40.253
142,Rachel,Adams,radams3x@mail.ru,Azerbaijan,92.27.158.111
143,Phyllis,Rogers,progers3y@army.mil,France,128.42.201.111
144,Jason,Perkins,jperkins3z@comcast.net,Indonesia,236.58.201.145
145,Stephen,Peters,speters40@arizona.edu,Slovenia,155.19.59.116
146,Irene,Carr,icarr41@hhs.gov,Guatemala,86.221.153.245
147,Susan,Hudson,shudson42@skype.com,Philippines,151.63.71.34
148,Ronald,Daniels,rdaniels43@unc.edu,China,206.39.72.223
149,Stephanie,Hart,shart44@ocn.ne.jp,Brazil,3.31.103.123
150,Jonathan,Lopez,jlopez45@privacy.gov.au,Vietnam,231.60.93.185
151,Jennifer,Stanley,jstanley46@cbslocal.com,Sweden,202.251.251.199
152,Christina,Gonzales,cgonzales47@discovery.com,Indonesia,151.253.210.64
153,Peter,Morales,pmorales48@ftc.gov,Philippines,5.218.104.140
154,Lisa,Stephens,lstephens49@wikispaces.com,Argentina,197.68.57.123
155,Kathy,Baker,kbaker4a@dagondesign.com,Mexico,18.208.57.130
156,Edward,Carr,ecarr4b@youku.com,Indonesia,129.238.244.222
157,Anna,Hernandez,ahernandez4c@github.com,Indonesia,138.248.95.94
158,Anna,Rogers,arogers4d@angelfire.com,Russia,66.152.135.204
159,Matthew,Olson,molson4e@google.com,France,114.137.112.208
160,Nicole,King,nking4f@mysql.com,Philippines,123.71.223.239
161,Russell,Hernandez,rhernandez4g@ucoz.ru,Sweden,31.222.172.203
162,Phyllis,Oliver,poliver4h@t.co,Cuba,237.86.45.166
163,Peter,Wells,pwells4i@washingtonpost.com,Nigeria,2.58.101.245
164,Victor,Henry,vhenry4j@techcrunch.com,Sweden,162.17.25.164
165,Paula,Robinson,probinson4k@parallels.com,Sweden,194.126.176.2
166,Cynthia,Torres,ctorres4l@usa.gov,Japan,71.199.109.20
167,Brenda,Jordan,bjordan4m@oakley.com,Indonesia,112.221.217.19
168,Donald,Owens,dowens4n@digg.com,United States,138.20.225.245
169,Kathleen,Gardner,kgardner4o@springer.com,Indonesia,145.167.38.22
170,Earl,Diaz,ediaz4p@163.com,Indonesia,90.122.69.136
171,Scott,Stevens,sstevens4q@sciencedirect.com,Thailand,154.73.218.106
172,Lillian,Ferguson,lferguson4r@clickbank.net,Venezuela,147.127.99.170
173,Joan,Sanchez,jsanchez4s@accuweather.com,Germany,183.68.219.29
174,Albert,Howell,ahowell4t@stanford.edu,Honduras,50.255.169.212
175,Howard,King,hking4u@bing.com,United States,233.25.107.143
176,Fred,Howard,fhoward4v@mtv.com,China,42.8.206.148
177,Anna,Price,aprice4w@flickr.com,France,139.88.178.176
178,Stephen,Cook,scook4x@webeden.co.uk,Tajikistan,169.94.163.255
179,Aaron,Watson,awatson4y@over-blog.com,Poland,127.153.9.104
180,Bobby,Jones,bjones4z@sciencedaily.com,France,137.17.11.176
181,Clarence,Banks,cbanks50@nifty.com,Indonesia,238.164.213.150
182,Julia,Holmes,jholmes51@paypal.com,China,171.150.182.204
183,Nicole,Rose,nrose52@mozilla.org,Venezuela,76.145.152.20
184,Kathryn,Wells,kwells53@cnbc.com,Philippines,1.65.214.187
185,Walter,Rodriguez,wrodriguez54@acquirethisname.com,Indonesia,75.161.20.102
186,Laura,Williams,lwilliams55@paypal.com,Thailand,217.240.151.206
187,Denise,Lee,dlee56@1688.com,France,21.68.46.58
188,Philip,Perkins,pperkins57@live.com,Indonesia,243.106.39.238
189,Alan,Carpenter,acarpenter58@newsvine.com,Norway,227.194.121.90
190,Irene,Fox,ifox59@accuweather.com,Lebanon,89.192.213.188
191,Michelle,Bradley,mbradley5a@naver.com,Luxembourg,188.253.110.23
192,Jane,Sims,jsims5b@ca.gov,Thailand,144.193.103.27
193,Christopher,Kelly,ckelly5c@vk.com,United States,222.52.213.79
194,Denise,Welch,dwelch5d@google.com.hk,Nigeria,154.171.118.30
195,Harry,Rice,hrice5e@archive.org,China,241.76.154.28
196,Jennifer,Morris,jmorris5f@wsj.com,Colombia,253.31.74.84
197,Shirley,Lawrence,slawrence5g@fda.gov,Philippines,118.133.161.62
198,Jean,Reed,jreed5h@jalbum.net,Norway,104.31.119.29
199,Ryan,Armstrong,rarmstrong5i@quantcast.com,Sudan,107.100.84.181
200,Angela,Johnston,ajohnston5j@blog.com,Brazil,98.133.10.86
201,Louise,Perez,lperez5k@amazon.de,Thailand,138.247.176.238
202,Joyce,Spencer,jspencer5l@berkeley.edu,Brazil,162.136.33.98
203,Susan,Jenkins,sjenkins5m@ask.com,Chile,17.120.234.86
204,Jesse,Wagner,jwagner5n@dion.ne.jp,China,126.65.21.54
205,Kathleen,Lewis,klewis5o@icio.us,Japan,116.234.101.225
206,George,West,gwest5p@rambler.ru,Japan,228.126.28.12
207,Cheryl,Brown,cbrown5q@techcrunch.com,Czech Republic,200.123.159.33
208,Anne,Henderson,ahenderson5r@wordpress.org,Russia,247.234.106.116
209,Christina,Howell,chowell5s@discovery.com,Slovenia,104.56.177.56
210,Diana,Brooks,dbrooks5t@netscape.com,China,157.56.154.72
211,Albert,Williamson,awilliamson5u@aol.com,Philippines,187.134.179.207
212,William,Wallace,wwallace5v@icio.us,Peru,207.111.153.127
213,Mildred,Alexander,malexander5w@time.com,Russia,159.148.232.130
214,Christine,Payne,cpayne5x@sourceforge.net,China,231.45.84.115
215,Raymond,Snyder,rsnyder5y@virginia.edu,Japan,89.33.26.73
216,Lisa,Hamilton,lhamilton5z@facebook.com,China,170.244.226.169
217,Kenneth,Boyd,kboyd60@domainmarket.com,Russia,230.219.116.165
218,Andrea,Harvey,aharvey61@t.co,China,97.184.133.129
219,Douglas,Hernandez,dhernandez62@sourceforge.net,Portugal,172.233.235.93
220,Irene,Long,ilong63@timesonline.co.uk,Indonesia,144.140.158.65
221,Ruby,Robertson,rrobertson64@aboutads.info,China,47.111.144.139
222,Jacqueline,Thomas,jthomas65@creativecommons.org,Latvia,231.214.160.59
223,Walter,Evans,wevans66@arizona.edu,China,57.189.221.233
224,Ruby,Bryant,rbryant67@jiathis.com,Indonesia,15.21.141.200
225,David,Porter,dporter68@tiny.cc,China,112.22.182.112
226,Gregory,Olson,golson69@google.cn,China,84.133.10.151
227,Judith,Carter,jcarter6a@ameblo.jp,Russia,95.224.192.80
228,Joan,Hunter,jhunter6b@virginia.edu,China,89.86.60.72
229,Sara,Long,slong6c@forbes.com,Malta,120.202.137.251
230,Jose,Brooks,jbrooks6d@sitemeter.com,Poland,207.187.105.204
231,Jimmy,Kelley,jkelley6e@nasa.gov,Armenia,206.254.34.93
232,Brian,Griffin,bgriffin6f@seesaa.net,China,201.230.191.97
233,Johnny,Wheeler,jwheeler6g@hhs.gov,Mexico,40.102.239.175
234,Martin,Morales,mmorales6h@chicagotribune.com,France,140.31.100.140
235,Julia,Mcdonald,jmcdonald6i@mail.ru,Kuwait,114.246.226.95
236,Juan,Howell,jhowell6j@mapy.cz,China,228.196.116.99
237,Irene,Alexander,ialexander6k@flickr.com,Russia,48.221.74.240
238,Carl,Rivera,crivera6l@comcast.net,Brazil,105.223.92.106
239,Lori,Fisher,lfisher6m@geocities.com,Russia,239.58.227.0
240,Christina,Ferguson,cferguson6n@tamu.edu,China,150.105.143.203
241,Stephen,Hawkins,shawkins6o@behance.net,Indonesia,55.78.72.99
242,Russell,Rose,rrose6p@sbwire.com,Brazil,213.117.112.156
243,Denise,Alexander,dalexander6q@blogs.com,Philippines,239.217.118.232
244,Ralph,Harvey,rharvey6r@oakley.com,France,22.132.163.116
245,Todd,Torres,ttorres6s@google.es,Ukraine,215.117.182.141
246,Catherine,Ryan,cryan6t@wikimedia.org,Germany,23.223.71.147
247,Irene,Carpenter,icarpenter6u@51.la,Czech Republic,112.45.187.218
248,Philip,Mcdonald,pmcdonald6v@bloglovin.com,Indonesia,91.82.41.207
249,Janice,Ray,jray6w@tuttocitta.it,China,111.234.202.181
250,Jonathan,Wood,jwood6x@friendfeed.com,Spain,165.60.128.179
251,Ashley,Fowler,afowler6y@simplemachines.org,Indonesia,202.211.108.184
252,Peter,Palmer,ppalmer6z@is.gd,France,164.238.73.91
253,Sean,West,swest70@dailymail.co.uk,Poland,232.41.22.61
254,Laura,Powell,lpowell71@cbslocal.com,Philippines,39.61.21.71
255,Edward,Stewart,estewart72@columbia.edu,China,130.13.238.179
256,Angela,Henry,ahenry73@pcworld.com,Ethiopia,133.187.23.83
257,Nicholas,Stone,nstone74@hao123.com,Ukraine,156.152.126.250
258,Martin,Pierce,mpierce75@wix.com,Russia,209.14.21.76
259,Teresa,Fowler,tfowler76@google.pl,Albania,102.95.108.170
260,Scott,Rodriguez,srodriguez77@cnet.com,Brazil,226.232.79.131
261,Mary,Smith,msmith78@cbslocal.com,Slovenia,126.139.57.181
262,Emily,Franklin,efranklin79@tuttocitta.it,Czech Republic,229.217.142.152
263,Ruth,Jordan,rjordan7a@marketwatch.com,Indonesia,159.187.168.142
264,Willie,Grant,wgrant7b@opera.com,Japan,82.202.41.105
265,Doris,Stephens,dstephens7c@acquirethisname.com,Norway,29.254.22.225
266,Jose,Banks,jbanks7d@mit.edu,Poland,45.102.134.204
267,Ruth,Wilson,rwilson7e@google.cn,Poland,159.127.94.89
268,Paula,Wilson,pwilson7f@mapy.cz,France,208.65.171.210
269,Brandon,Richards,brichards7g@nydailynews.com,Peru,100.236.73.52
270,Steven,Green,sgreen7h@cbslocal.com,France,51.166.146.5
271,John,Brown,jbrown7i@merriam-webster.com,Sweden,23.98.44.154
272,Gloria,Mills,gmills7j@state.gov,Yemen,138.138.185.111
273,Denise,Flores,dflores7k@accuweather.com,Croatia,122.87.196.233
274,Evelyn,Morrison,emorrison7l@timesonline.co.uk,Russia,40.186.92.158
275,Phyllis,Gilbert,pgilbert7m@telegraph.co.uk,Honduras,155.117.26.181
276,Raymond,Kennedy,rkennedy7n@army.mil,France,24.242.118.214
277,George,Lee,glee7o@ftc.gov,Germany,87.43.19.62
278,Bonnie,Harrison,bharrison7p@geocities.jp,Russia,74.223.18.174
279,Sean,Sims,ssims7q@businesswire.com,Czech Republic,186.28.98.67
280,Walter,Parker,wparker7r@wsj.com,Iran,160.251.154.175
281,Douglas,Griffin,dgriffin7s@dion.ne.jp,Ukraine,34.176.49.225
282,Ruth,Hill,rhill7t@mashable.com,Croatia,106.231.226.177
283,Frances,George,fgeorge7u@google.ru,"Bonaire, Saint Eustatius and Saba ",58.118.53.170
284,Martha,Sanchez,msanchez7v@ucoz.com,Colombia,17.22.220.222
285,Alan,Green,agreen7w@marriott.com,Colombia,197.118.82.18
286,Gary,Reed,greed7x@creativecommons.org,Israel,133.26.199.195
287,Jimmy,Frazier,jfrazier7y@icq.com,Russia,9.133.9.206
288,Patrick,Ellis,pellis7z@ameblo.jp,China,225.191.236.238
289,Janet,Jenkins,jjenkins80@opensource.org,China,21.227.48.172
290,Jerry,Evans,jevans81@angelfire.com,Armenia,71.101.211.88
291,Anthony,Richardson,arichardson82@google.co.uk,Russia,209.91.27.138
292,Steven,Stanley,sstanley83@nyu.edu,Brazil,125.231.206.151
293,Joyce,Burton,jburton84@nbcnews.com,Russia,225.136.190.85
294,Willie,Garrett,wgarrett85@github.io,Jordan,254.103.197.192
295,Elizabeth,Harrison,eharrison86@seesaa.net,Sweden,29.254.185.226
296,Jason,Evans,jevans87@digg.com,Greece,193.33.17.210
297,Amanda,Matthews,amatthews88@arizona.edu,Poland,133.43.183.1
298,Beverly,Phillips,bphillips89@wikimedia.org,Indonesia,4.239.48.210
299,Joshua,Chapman,jchapman8a@domainmarket.com,Philippines,235.123.109.226
